{
 "p85": [
  125.9765625,
  205.078125,
  260.7421875,
  398.4375,
  451.171875,
  521.484375,
  644.53125,
  685.546875
 ],
 "v72": [],
 "model": [
  70.826416015625,
  145.819091796875,
  216.6455078125,
  399.9609375,
  470.787353515625,
  545.780029296875,
  616.6064453125,
  762.425537109375
 ],
 "scram": [
  199.98046875,
  402.0440673828125,
  585.3594970703125,
  774.92431640625,
  827.0025634765625,
  976.9879150390625,
  1154.053955078125,
  1220.714111328125
 ]
}