{
 "p85": [
  2282.2265625,
  2460.9375,
  2592.7734375,
  2853.515625,
  2964.84375,
  3058.59375,
  3234.375,
  3354.4921875,
  3556.640625,
  3606.4453125,
  3638.671875,
  3808.59375,
  3881.8359375,
  4081.0546875,
  4163.0859375,
  4333.0078125,
  4409.1796875,
  4491.2109375,
  4664.0625,
  4936.5234375,
  5080.078125,
  5185.546875,
  5452.1484375,
  5548.828125,
  5712.890625,
  5786.1328125,
  5985.3515625,
  6237.3046875,
  6354.4921875,
  6506.8359375,
  6708.984375,
  6899.4140625,
  7034.1796875,
  7212.890625,
  7286.1328125,
  7491.2109375,
  7520.5078125,
  7620.1171875,
  7810.546875,
  8068.359375,
  8167.96875,
  8334.9609375,
  8575.1953125,
  8715.8203125,
  8847.65625,
  9114.2578125,
  9225.5859375,
  9354.4921875,
  9629.8828125,
  9878.90625,
  9999.0234375,
  10148.4375,
  10409.1796875,
  10608.3984375,
  10675.78125,
  10930.6640625,
  11132.8125,
  11206.0546875,
  11458.0078125,
  11709.9609375
 ],
 "model": [
  2268.5284423828125,
  2343.5211181640625,
  2489.3402099609375,
  2599.74609375,
  2672.6556396484375,
  2743.4820556640625,
  2960.1275634765625,
  3110.1129150390625,
  3178.856201171875,
  3353.839111328125,
  3566.318359375,
  3762.132568359375,
  3835.0421142578125,
  3976.6949462890625,
  4110.0152587890625,
  4301.6632080078125,
  4382.9052734375,
  4557.88818359375,
  4732.87109375,
  4814.1131591796875,
  4982.8466796875,
  5209.9078369140625,
  5428.636474609375,
  5614.0350341796875,
  5799.43359375,
  5895.257568359375,
  5936.920166015625,
  5972.3333740234375,
  6216.0595703125,
  6270.220947265625,
  6374.37744140625,
  6593.1060791015625,
  6626.4361572265625,
  6730.5926513671875,
  6809.7515869140625,
  6984.7344970703125,
  7243.0426025390625,
  7459.6881103515625,
  7645.086669921875,
  7824.23583984375,
  8034.6319580078125,
  8215.8642578125,
  8442.925415039062,
  8669.986572265625,
  8847.052612304688,
  8949.1259765625,
  9030.368041992188,
  9211.600341796875,
  9388.666381835938,
  9605.311889648438,
  9846.954956054688,
  10071.932983398438,
  10298.994140625,
  10473.97705078125,
  10692.705688476562,
  10873.93798828125,
  11057.25341796875,
  11480.128784179688,
  11690.52490234375,
  11855.092163085938
 ],
 "scram": [
  2391.43310546875,
  2528.919677734375,
  2599.74609375,
  2728.900146484375,
  2795.560302734375,
  2918.4649658203125,
  3108.02978515625,
  3389.2523193359375,
  3566.318359375,
  3760.0494384765625,
  3976.6949462890625,
  4220.421142578125,
  4301.6632080078125,
  4416.2353515625,
  4682.8759765625,
  4887.022705078125,
  4978.680419921875,
  5097.4188232421875,
  5166.162109375,
  5253.653564453125,
  5307.81494140625,
  5524.46044921875,
  5728.607177734375,
  5895.257568359375,
  6028.577880859375,
  6111.903076171875,
  6253.555908203125,
  6434.7882080078125,
  6686.846923828125,
  6897.2430419921875,
  6938.9056396484375,
  7090.97412109375,
  7263.8739013671875,
  7459.6881103515625,
  7655.5023193359375,
  7745.076904296875,
  7853.399658203125,
  8034.6319580078125,
  8311.688232421875,
  8488.754272460938,
  8567.913208007812,
  8761.644287109375,
  8990.78857421875,
  9192.852172851562,
  9388.666381835938,
  9588.646850585938,
  9786.544189453125,
  9984.441528320312,
  10211.502685546875,
  10326.074829101562,
  10396.901245117188,
  10513.556518554688,
  10596.881713867188,
  10782.2802734375,
  10890.60302734375,
  10961.429443359375,
  11165.576171875,
  11367.639770507812,
  11548.8720703125,
  11734.270629882812
 ],
 "v72": [
  2654.296875,
  3187.5,
  3480.46875,
  3597.65625,
  3662.109375,
  3826.171875,
  4107.421875,
  4453.125,
  4576.171875,
  4957.03125,
  5179.6875,
  5302.734375,
  5396.484375,
  5654.296875,
  5777.34375,
  6082.03125,
  6451.171875,
  6544.921875,
  6667.96875,
  6808.59375,
  6925.78125,
  7207.03125,
  7335.9375,
  7458.984375,
  7570.3125,
  7869.140625,
  8027.34375,
  8121.09375,
  8250.0,
  8308.59375,
  8355.46875,
  8484.375,
  8531.25,
  8625.0,
  8718.75,
  8789.0625,
  8894.53125,
  9029.296875,
  9076.171875,
  9445.3125,
  9568.359375,
  9626.953125,
  9750.0,
  9808.59375,
  10048.828125,
  10160.15625,
  10359.375,
  10482.421875,
  10599.609375,
  10658.203125,
  10781.25,
  10833.984375,
  10892.578125,
  10962.890625,
  11062.5,
  11138.671875,
  11250.0,
  11425.78125,
  11548.828125,
  11748.046875
 ],
 "corr_model": [
  0.015115540787055294,
  0.903
 ],
 "corr_scram": [
  0.2982335569184028,
  1.0905
 ],
 "corr_v72": [
  0.9162811548171913,
  1.057
 ]
}